source,record_type,customer_id,name_or_period,country_or_category,date,record_id_or_product_id,amount_or_value,currency,status,quantity_or_orders,from_currency,to_currency,fx_rate
customers,customer,101,Asha,IN,2026-01-05,,,,,,,,
customers,customer,102,Ravi,IN,2026-01-07,,,,,,,,
customers,customer,103,Maya,US,2026-01-08,,,,,,,,
customers,customer,104,Noah,GB,2026-01-10,,,,,,,,
customers,customer,105,Isha,,2026-01-11,,,,,,,,
customers,customer,106,Arun,IN,,,,,,,,,
customers,customer,106,Arun,IN,,,,,,,,,
customers,customer,107,Zoe,US,2026-02-01,,,,,,,,
orders,order,101,,IN,2026-02-03,O1001,1200,INR,paid,,,,
orders,order,102,,IN,2026-02-04,O1002,1500,INR,paid,,,,
orders,order,103,,US,2026-02-05,O1003,100,USD,paid,,,,
orders,order,104,,GB,2026-02-06,O1004,80,GBP,paid,,,,
orders,order,105,,,2026-02-07,O1005,,INR,paid,,,,
orders,order,106,,,2026-02-08,O1006,-500,INR,refund,,,,
orders,order,107,,,2026/02/09,O1007,2200,INR,paid,,,,
orders,order,101,,,2026-02-10,O1008,900,INR,cancelled,,,,
orders,order,102,,,10/02/2026,O1009,700,INR,paid,,,,
orders,order,103,,,2026-02-11,O1010,100,USD,paid,,,,
orders,order,103,,,2026-02-11,O1010,100,USD,paid,,,,
refunds,refund,,,,2026-02-09,R001,500,INR,refund,O1006,,,
refunds,refund,,,,2026-02-11,R002,900,INR,refund,O1008,,,
refunds,refund,,,,2026-02-12,R003,700,INR,refund,O1009,,,
refunds,refund,,,,2026-02-13,R004,300,INR,refund,O9999,,,
fx_rates,fx,,,,2026-02-03,USD,83,INR,rate,,USD,INR,83
fx_rates,fx,,,,2026-02-04,USD,83.2,INR,rate,,USD,INR,83.2
fx_rates,fx,,,,2026-02-05,USD,83.5,INR,rate,,USD,INR,83.5
fx_rates,fx,,,,2026-02-06,GBP,105,INR,rate,,GBP,INR,105
fx_rates,fx,,,,2026-02-07,USD,,INR,rate,,USD,INR,
fx_rates,fx,,,,2026-02-10,USD,84,INR,rate,,USD,INR,84
fx_rates,fx,,,,2026-02-11,USD,84.2,INR,rate,,USD,INR,84.2
products,product,,Laptop,electronics,,P01,79999,INR,,2,,,
products,product,,Mouse,electronics,,P02,999,INR,,10,,,
products,product,,Keyboard,electronics,,P03,49,USD,,4,,,
products,product,,Monitor,electronics,,P04,18999,INR,,3,,,
products,product,,Desk,furniture,,P05,150,USD,,2,,,
products,product,,Chair,furniture,,P06,12999,INR,,,,,
metrics_A,metric,,2026-01,,,,120000,INR,,5000,,,
metrics_A,metric,,2026-02,,,,135000,INR,,5200,,,
metrics_A,metric,,2026-03,,,,150000,INR,,5400,,,
metrics_B,metric,,2026-01,,,,120000,INR,,5000,,,
metrics_B,metric,,2026-02,,,,130000,INR,,5200,,,
metrics_B,metric,,2026-03,,,,150000,INR,,5400,,,
