tx_id,date,customer_id,product_id,quantity,unit_price,currency,discount_pct,region
TX-1001,2023-01-15,CUST-01,PROD-101,10,100.0,USD,0.05,North America
TX-1002,2023-02-20,CUST-02,PROD-102,5,300.0,USD,0.1,North America
TX-1003,2023-03-10,CUST-03,PROD-103,2,600.0,EUR,0.0,Europe
TX-1004,2023-04-05,CUST-01,PROD-102,4,300.0,USD,0.0,North America
TX-1004,2023-04-05,CUST-01,PROD-102,4,300.0,USD,0.0,North America
TX-1005,2023-05-12,CUST-04,PROD-106,20,120.0,GBP,0.05,Europe
TX-1006,06/07/2023,CUST-05,PROD-101,15,100.0,USD,,North America
TX-1007,2023-08-19,CUST-06,PROD-103,3,650.0,EUR,0.1,Europe
TX-1008,2023-09-01,CUST-02,PROD-106,8,125.0,USD,0.0,North America
TX-1009,2023-10-14,CUST-07,PROD-101,50,95.0,USD,0.15,APAC
TX-1010,2023-11-20,,PROD-102,1,300.0,USD,0.0,North America
TX-1011,2021-05-10,CUST-03,PROD-104,10,25.0,USD,0.0,North America
